{"resourceType":"MessageDefinition","id":"notification-discharge","url":"https://kevinmayfield.github.io/raphael/MessageDefinition/notification-discharge","identifier":{"system":"https://tools.ietf.org/html/rfc4122","value":"c81b88dc-760e-4b1e-9cdb-c5f853630664"},"version":"0.2.0","title":"Patient Discharge Notification","status":"active","date":"2019-08-22T12:49:51+01:00","publisher":"NHS Digital","contact":[{"telecom":[{"system":"url","value":"http://hl7.org/Special/committees/[something]"}]}],"jurisdiction":[{"coding":[{"system":"http://unstats.un.org/unsd/methods/m49/m49.htm","code":"826"}]}],"copyright":"Copyright © 2020 NHS Digital","event":{"system":"https://fhir.nhs.uk/STU3/CodeSystem/ITK-MessageEvent-2","code":"notification-discharge","display":"Notification Discharge"},"category":"Notification","focus":[{"code":"Encounter","profile":{"reference":"https://fhir.hl7.org.uk/STU3/StructureDefinition/CareConnect-Encounter-1"},"min":1,"max":"1"}]}