<?xml version="1.0" encoding="UTF-8"?>

<ImplementationGuide xmlns="http://hl7.org/fhir">
  <id value="uec-raphael-stu3"/>
  <text>
    <status value="generated"/><div xmlns="http://www.w3.org/1999/xhtml"><h2>UEC Raphael</h2><p>The official URL for this implementation guide is: </p><pre>https://kevinmayfield.github.io/careconnect-api-stu3/ImplementationGuide/uec-raphael-stu3</pre><div><p>A brief description of what MyIG is about (probably the same text as in your readme)</p>
</div></div>
  </text>
  <url value="https://kevinmayfield.github.io/careconnect-api-stu3/ImplementationGuide/uec-raphael-stu3"/>
  <version value="0.2.0"/>
  <name value="UEC Raphael"/>
  <status value="draft"/>
  <experimental value="false"/>
  <date value="2020-02-09T08:57:49+00:00"/>
  <publisher value="NHS Digital"/>
  <contact>
    <telecom>
      <system value="url"/>
      <value value="http://hl7.org/Special/committees/[something]"/>
    </telecom>
  </contact>
  <description value="A brief description of what MyIG is about (probably the same text as in your readme)"/>
  <jurisdiction>
    <coding>
      <system value="http://unstats.un.org/unsd/methods/m49/m49.htm"/>
      <code value="826"/>
    </coding>
  </jurisdiction>
  <fhirVersion value="3.0.2"/>
  <dependency>
    <extension url="http://hl7.org/fhir/4.0/StructureDefinition/extension-ImplementationGuide.dependsOn.packageId">
      <valueId value="careconnect.base.stu3"/>
    </extension>
    <extension url="http://hl7.org/fhir/4.0/StructureDefinition/extension-ImplementationGuide.dependsOn.version">
      <valueString value="3.0.0"/>
    </extension>
    <type value="reference"/>
    <uri value="https://fhir.hl7.org.uk/STU3/ImplementationGuide/careconnect.base.stu3"/>
  </dependency>
  <page>
    <source value="toc.html"/>
    <title value="Table of Contents"/>
    <kind value="page"/>
    <page>
      <source value="index.html"/>
      <title value="Raphael Home Page"/>
      <kind value="resource"/>
    </page>
    <page>
      <source value="framework.html"/>
      <title value="Framework"/>
      <kind value="resource"/>
    </page>
    <page>
      <source value="handover.html"/>
      <title value="Handover Specification"/>
      <kind value="resource"/>
    </page>
    <page>
      <source value="messagedefinitions.html"/>
      <title value="Message Definitions"/>
      <kind value="resource"/>
    </page>
    <page>
      <source value="changes.html"/>
      <title value="IG Change History"/>
      <kind value="page"/>
    </page>
  </page>
</ImplementationGuide>