{"resourceType":"ImplementationGuide","id":"uec-raphael-stu3","text":{"status":"generated","div":"<div xmlns=\"http://www.w3.org/1999/xhtml\"><h2>UEC Raphael</h2><p>The official URL for this implementation guide is: </p><pre>https://kevinmayfield.github.io/careconnect-api-stu3/ImplementationGuide/uec-raphael-stu3</pre><div><p>A brief description of what MyIG is about (probably the same text as in your readme)</p>\n</div></div>"},"url":"https://kevinmayfield.github.io/careconnect-api-stu3/ImplementationGuide/uec-raphael-stu3","version":"0.2.0","name":"UEC Raphael","status":"draft","experimental":false,"date":"2020-02-10T10:00:33+00:00","publisher":"NHS Digital","contact":[{"telecom":[{"system":"url","value":"http://hl7.org/Special/committees/[something]"}]}],"description":"A brief description of what MyIG is about (probably the same text as in your readme)","jurisdiction":[{"coding":[{"system":"http://unstats.un.org/unsd/methods/m49/m49.htm","code":"826"}]}],"fhirVersion":"3.0.2","package":[{"id":"_dyn_messagedefinition","name":"Behavior: Message Definitions","description":"These define the types of messages that can be sent and/or received by systems complying with this implementation guide","resource":[{"extension":[{"url":"http://hl7.org/fhir/StructureDefinition/implementationguide-page","valueUri":"MessageDefinition-patient-referral.html"}],"example":false,"name":"Patient Referral","description":"Patient Referral","sourceReference":{"reference":"MessageDefinition/patient-referral"}},{"extension":[{"url":"http://hl7.org/fhir/StructureDefinition/implementationguide-page","valueUri":"MessageDefinition-response-patient-referral.html"}],"example":false,"name":"Response Patient Referral","description":"Response Patient Referral","sourceReference":{"reference":"MessageDefinition/response-patient-referral"}},{"extension":[{"url":"http://hl7.org/fhir/StructureDefinition/implementationguide-page","valueUri":"MessageDefinition-modify-patient-referral.html"}],"example":false,"name":"Modify Patient Referral","description":"Modify Patient Referral","sourceReference":{"reference":"MessageDefinition/modify-patient-referral"}},{"extension":[{"url":"http://hl7.org/fhir/StructureDefinition/implementationguide-page","valueUri":"MessageDefinition-cancel-patient-referral.html"}],"example":false,"name":"Cancel Patient Referral","description":"Cancel Patient Referral","sourceReference":{"reference":"MessageDefinition/cancel-patient-referral"}},{"extension":[{"url":"http://hl7.org/fhir/StructureDefinition/implementationguide-page","valueUri":"MessageDefinition-notification-admit.html"}],"example":false,"name":"Notitification Admission","description":"Admission Notification - care provision started","sourceReference":{"reference":"MessageDefinition/notification-admit"}},{"extension":[{"url":"http://hl7.org/fhir/StructureDefinition/implementationguide-page","valueUri":"MessageDefinition-notification-discharge.html"}],"example":false,"name":"Notitification Discharge","description":"Discharge Notification - patient handed over.","sourceReference":{"reference":"MessageDefinition/notification-discharge"}}]},{"id":"_ex_example","name":"Example: Example Instances","description":"These are example instances that show what data produced and consumed by systems conforming with this implementation guide might look like","resource":[{"extension":[{"url":"http://hl7.org/fhir/StructureDefinition/implementationguide-page","valueUri":"Bundle-notification-admit.html"}],"example":true,"name":"Notification Admit Example","description":"Notification Admit Example","sourceReference":{"reference":"Bundle/notification-admit"}},{"extension":[{"url":"http://hl7.org/fhir/StructureDefinition/implementationguide-page","valueUri":"Bundle-notification-discharge.html"}],"example":true,"name":"Notification Discharge Example","description":"Notification Discharge Example","sourceReference":{"reference":"Bundle/notification-discharge"}}]}],"page":{"source":"toc.html","title":"Table of Contents","kind":"page","page":[{"source":"index.html","title":"Raphael Home Page","kind":"resource"},{"source":"framework.html","title":"Framework","kind":"resource"},{"source":"handover.html","title":"Handover Specification","kind":"resource"},{"source":"messagedefinitions.html","title":"Message Definitions","kind":"resource"},{"source":"examples.html","title":"Examples","kind":"resource"},{"source":"changes.html","title":"IG Change History","kind":"page"},{"source":"artifacts.html","title":"Artifacts Summary","kind":"page","page":[{"source":"MessageDefinition-patient-referral.html","title":"Patient Referral","kind":"resource"},{"source":"MessageDefinition-response-patient-referral.html","title":"Response Patient Referral","kind":"resource"},{"source":"MessageDefinition-modify-patient-referral.html","title":"Modify Patient Referral","kind":"resource"},{"source":"MessageDefinition-cancel-patient-referral.html","title":"Cancel Patient Referral","kind":"resource"},{"source":"MessageDefinition-notification-admit.html","title":"Notitification Admission","kind":"resource"},{"source":"MessageDefinition-notification-discharge.html","title":"Notitification Discharge","kind":"resource"},{"source":"Bundle-notification-admit.html","title":"Notification Admit Example","kind":"resource"},{"source":"Bundle-notification-discharge.html","title":"Notification Discharge Example","kind":"resource"}]}]}}