<?xml version="1.0" encoding="UTF-8"?><ImplementationGuide xmlns="http://hl7.org/fhir"><id value="uec-raphael-stu3"/><text><status value="generated"/><div xmlns="http://www.w3.org/1999/xhtml"><h2>UEC Raphael</h2><p>The official URL for this implementation guide is: </p><pre>https://kevinmayfield.github.io/careconnect-api-stu3/ImplementationGuide/uec-raphael-stu3</pre><div><p>A brief description of what MyIG is about (probably the same text as in your readme)</p>
</div></div></text><url value="https://kevinmayfield.github.io/careconnect-api-stu3/ImplementationGuide/uec-raphael-stu3"/><version value="0.2.0"/><name value="UEC Raphael"/><status value="draft"/><experimental value="false"/><date value="2020-02-09T14:10:06+00:00"/><publisher value="NHS Digital"/><contact><telecom><system value="url"/><value value="http://hl7.org/Special/committees/[something]"/></telecom></contact><description value="A brief description of what MyIG is about (probably the same text as in your readme)"/><jurisdiction><coding><system value="http://unstats.un.org/unsd/methods/m49/m49.htm"/><code value="826"/></coding></jurisdiction><fhirVersion value="3.0.2"/><package id="_dyn_messagedefinition"><name value="Behavior: Message Definitions"/><description value="These define the types of messages that can be sent and/or received by systems complying with this implementation guide"/><resource><extension url="http://hl7.org/fhir/StructureDefinition/implementationguide-page"><valueUri value="MessageDefinition-patient-referral.html"/></extension><example value="false"/><name value="Patient Referral"/><description value="Patient Referral"/><sourceReference><reference value="MessageDefinition/patient-referral"/></sourceReference></resource><resource><extension url="http://hl7.org/fhir/StructureDefinition/implementationguide-page"><valueUri value="MessageDefinition-response-patient-referral.html"/></extension><example value="false"/><name value="Response Patient Referral"/><description value="Response Patient Referral"/><sourceReference><reference value="MessageDefinition/response-patient-referral"/></sourceReference></resource><resource><extension url="http://hl7.org/fhir/StructureDefinition/implementationguide-page"><valueUri value="MessageDefinition-modify-patient-referral.html"/></extension><example value="false"/><name value="Modify Patient Referral"/><description value="Modify Patient Referral"/><sourceReference><reference value="MessageDefinition/modify-patient-referral"/></sourceReference></resource><resource><extension url="http://hl7.org/fhir/StructureDefinition/implementationguide-page"><valueUri value="MessageDefinition-cancel-patient-referral.html"/></extension><example value="false"/><name value="Cancel Patient Referral"/><description value="Cancel Patient Referral"/><sourceReference><reference value="MessageDefinition/cancel-patient-referral"/></sourceReference></resource><resource><extension url="http://hl7.org/fhir/StructureDefinition/implementationguide-page"><valueUri value="MessageDefinition-notification-admit.html"/></extension><example value="false"/><name value="Notitification Admission"/><description value="Admission Notification - care provision started"/><sourceReference><reference value="MessageDefinition/notification-admit"/></sourceReference></resource><resource><extension url="http://hl7.org/fhir/StructureDefinition/implementationguide-page"><valueUri value="MessageDefinition-notification-discharge.html"/></extension><example value="false"/><name value="Notitification Discharge"/><description value="Discharge Notification - patient handed over."/><sourceReference><reference value="MessageDefinition/notification-discharge"/></sourceReference></resource></package><package id="_other"><name value="Other"/><description value="These are resources that are used within this implementation guide that don&#39;t fit into one of the other categories"/><resource><extension url="http://hl7.org/fhir/StructureDefinition/implementationguide-page"><valueUri value="Patient-example.html"/></extension><example value="false"/><sourceReference><reference value="Patient/example"/></sourceReference></resource></package><page><source value="toc.html"/><title value="Table of Contents"/><kind value="page"/><page><source value="index.html"/><title value="Raphael Home Page"/><kind value="resource"/></page><page><source value="framework.html"/><title value="Framework"/><kind value="resource"/></page><page><source value="handover.html"/><title value="Handover Specification"/><kind value="resource"/></page><page><source value="messagedefinitions.html"/><title value="Message Definitions"/><kind value="resource"/></page><page><source value="changes.html"/><title value="IG Change History"/><kind value="page"/></page><page><source value="artifacts.html"/><title value="Artifacts Summary"/><kind value="page"/><page><source value="MessageDefinition-patient-referral.html"/><title value="Patient Referral"/><kind value="resource"/></page><page><source value="MessageDefinition-response-patient-referral.html"/><title value="Response Patient Referral"/><kind value="resource"/></page><page><source value="MessageDefinition-modify-patient-referral.html"/><title value="Modify Patient Referral"/><kind value="resource"/></page><page><source value="MessageDefinition-cancel-patient-referral.html"/><title value="Cancel Patient Referral"/><kind value="resource"/></page><page><source value="MessageDefinition-notification-admit.html"/><title value="Notitification Admission"/><kind value="resource"/></page><page><source value="MessageDefinition-notification-discharge.html"/><title value="Notitification Discharge"/><kind value="resource"/></page><page><source value="Patient-example.html"/><kind value="resource"/></page></page></page></ImplementationGuide>