{
  "resourceType": "ImplementationGuide",
  "id": "uec-raphael-stu3",
  "text": {
    "status": "generated",
    "div": "<div xmlns=\"http://www.w3.org/1999/xhtml\"><h2>UEC Raphael</h2><p>The official URL for this implementation guide is: </p><pre>https://kevinmayfield.github.io/careconnect-api-stu3/ImplementationGuide/uec-raphael-stu3</pre><div><p>A brief description of what MyIG is about (probably the same text as in your readme)</p>\n</div></div>"
  },
  "url": "https://kevinmayfield.github.io/careconnect-api-stu3/ImplementationGuide/uec-raphael-stu3",
  "version": "0.2.0",
  "name": "UEC Raphael",
  "status": "draft",
  "experimental": false,
  "date": "2020-02-09T08:57:49+00:00",
  "publisher": "NHS Digital",
  "contact": [
    {
      "telecom": [
        {
          "system": "url",
          "value": "http://hl7.org/Special/committees/[something]"
        }
      ]
    }
  ],
  "description": "A brief description of what MyIG is about (probably the same text as in your readme)",
  "jurisdiction": [
    {
      "coding": [
        {
          "system": "http://unstats.un.org/unsd/methods/m49/m49.htm",
          "code": "826"
        }
      ]
    }
  ],
  "fhirVersion": "3.0.2",
  "dependency": [
    {
      "extension": [
        {
          "url": "http://hl7.org/fhir/4.0/StructureDefinition/extension-ImplementationGuide.dependsOn.packageId",
          "valueId": "careconnect.base.stu3"
        },
        {
          "url": "http://hl7.org/fhir/4.0/StructureDefinition/extension-ImplementationGuide.dependsOn.version",
          "valueString": "3.0.0"
        }
      ],
      "type": "reference",
      "uri": "https://fhir.hl7.org.uk/STU3/ImplementationGuide/careconnect.base.stu3"
    }
  ],
  "page": {
    "source": "toc.html",
    "title": "Table of Contents",
    "kind": "page",
    "page": [
      {
        "source": "index.html",
        "title": "Raphael Home Page",
        "kind": "resource"
      },
      {
        "source": "framework.html",
        "title": "Framework",
        "kind": "resource"
      },
      {
        "source": "handover.html",
        "title": "Handover Specification",
        "kind": "resource"
      },
      {
        "source": "messagedefinitions.html",
        "title": "Message Definitions",
        "kind": "resource"
      },
      {
        "source": "changes.html",
        "title": "IG Change History",
        "kind": "page"
      }
    ]
  }
}