{
  "package": "uec-raphael-stu3",
  "version": "0.2.0",
  "fhirVersion": "3.0.2",
  "jurisdiction": "826",
  "extensions": [],
  "profiles": {},
  "usage": {
    "http://hl7.org/fhir/4.0/StructureDefinition/extension-ImplementationGuide.dependsOn.packageId": [
      "ImplementationGuide.dependency"
    ],
    "http://hl7.org/fhir/4.0/StructureDefinition/extension-ImplementationGuide.dependsOn.version": [
      "ImplementationGuide.dependency"
    ],
    "http://somewhere.org/fhir/uv/myig/StructureDefinition/ext-myExtension": [
      "Patient"
    ]
  }
}