{
  "resourceType": "MessageDefinition",
  "id": "notification-discharge",
  "text": {
    "status": "generated",
    "div": "<div xmlns=\"http://www.w3.org/1999/xhtml\"><p><b>Generated Narrative with Details</b></p><p><b>id</b>: notification-discharge</p><p><b>url</b>: <a href=\"https://kevinmayfield.github.io/raphael/MessageDefinition/notification-discharge\">https://kevinmayfield.github.io/raphael/MessageDefinition/notification-discharge</a></p><p><b>identifier</b>: c81b88dc-760e-4b1e-9cdb-c5f853630664</p><p><b>version</b>: 0.2.0</p><p><b>title</b>: Patient Discharge Notification</p><p><b>status</b>: active</p><p><b>date</b>: 22 Aug 2019, 12:49:51</p><p><b>publisher</b>: NHS Digital</p><p><b>contact</b>: </p><p><b>jurisdiction</b>: United Kingdom of Great Britain and Northern Ireland (GBR) <span style=\"background: LightGoldenRodYellow\">(Details : {http://unstats.un.org/unsd/methods/m49/m49.htm code '826' = 'United Kingdom of Great Britain and Northern Ireland (GBR))</span></p><p><b>copyright</b>: Copyright © 2020 NHS Digital</p><p><b>event</b>: Notification Discharge (Details: https://fhir.nhs.uk/STU3/CodeSystem/ITK-MessageEvent-2 code notification-discharge = 'notification-discharge', stated as 'Notification Discharge')</p><p><b>category</b>: Notification</p><h3>Focus</h3><table class=\"grid\"><tr><td>-</td><td><b>Code</b></td><td><b>Profile</b></td><td><b>Min</b></td><td><b>Max</b></td></tr><tr><td>*</td><td>Encounter</td><td><a href=\"https://fhir.hl7.org.uk/STU3/StructureDefinition/CareConnect-Encounter-1\">Generated Summary: id: CareConnect-Encounter-1; url: https://fhir.hl7.org.uk/STU3/StructureDefinition/CareConnect-Encounter-1; version: 3.0.0; name: CareConnect-Encounter-1; DRAFT; date: 5 Nov 2018, 00:00:00; publisher: INTEROpen; description: The encounter resource represents an encounter between a care professional and the patient (or patient's record).; <span title=\"Codes: {http://unstats.un.org/unsd/methods/m49/m49.htm 826}\">United Kingdom of Great Britain and Northern Ireland (GBR)</span>; purpose: CURATED BY INTEROPen see: http://www.interopen.org/careconnect-curation-methodology/ ; copyright: Copyright © 2016 HL7 UK  Licensed under the Apache License, Version 2.0 (the &quot;License&quot;); you may not use this file except in compliance with the License. You may obtain a copy of the License at  http://www.apache.org/licenses/LICENSE-2.0  Unless required by applicable law or agreed to in writing, software distributed under the License is distributed on an &quot;AS IS&quot; BASIS, WITHOUT WARRANTIES OR CONDITIONS OF ANY KIND, either express or implied. See the License for the specific language governing permissions and limitations under the License.  HL7® FHIR® standard Copyright © 2011+ HL7  The HL7® FHIR® standard is used under the FHIR license. You may obtain a copy of the FHIR license at  https://www.hl7.org/fhir/license.html; 3.0.2; RESOURCE; type: Encounter; baseDefinition: http://hl7.org/fhir/StructureDefinition/Encounter; CONSTRAINT</a></td><td>1</td><td>1</td></tr></table></div>"
  },
  "url": "https://kevinmayfield.github.io/raphael/MessageDefinition/notification-discharge",
  "identifier": {
    "system": "https://tools.ietf.org/html/rfc4122",
    "value": "c81b88dc-760e-4b1e-9cdb-c5f853630664"
  },
  "version": "0.2.0",
  "title": "Patient Discharge Notification",
  "status": "active",
  "date": "2019-08-22T12:49:51+01:00",
  "publisher": "NHS Digital",
  "contact": [
    {
      "telecom": [
        {
          "system": "url",
          "value": "http://hl7.org/Special/committees/[something]"
        }
      ]
    }
  ],
  "jurisdiction": [
    {
      "coding": [
        {
          "system": "http://unstats.un.org/unsd/methods/m49/m49.htm",
          "code": "826"
        }
      ]
    }
  ],
  "copyright": "Copyright © 2020 NHS Digital",
  "event": {
    "system": "https://fhir.nhs.uk/STU3/CodeSystem/ITK-MessageEvent-2",
    "code": "notification-discharge",
    "display": "Notification Discharge"
  },
  "category": "Notification",
  "focus": [
    {
      "code": "Encounter",
      "profile": {
        "reference": "https://fhir.hl7.org.uk/STU3/StructureDefinition/CareConnect-Encounter-1"
      },
      "min": 1,
      "max": "1"
    }
  ]
}